Accuracy_train_epoch,Accuracy_train_step,Accuracy_valid_epoch,Accuracy_valid_step,Loss_train_epoch,Loss_train_step,Loss_valid_epoch,Loss_valid_step,epoch,step
,,,0.9531125426292419,,,,0.37945351004600525,,0
,,,0.9561592936515808,,,,0.38022860884666443,,1
,,,0.9143863320350647,,,,0.4189698398113251,,2
,,,0.9356839060783386,,,,0.3896446228027344,,3
,,,0.9282189011573792,,,,0.40236514806747437,,4
,,,0.10882568359375,,,,0.4727085530757904,,5
,,0.9173003435134888,,,,0.39604881405830383,,0,45
0.9085918664932251,,,,0.4488271474838257,,,,0,45
,,,0.9532046914100647,,,,0.33778420090675354,,6
,,,0.9542971253395081,,,,0.3401516377925873,,7
,,,0.9274279475212097,,,,0.36736443638801575,,8
,,,0.9427440166473389,,,,0.3413923680782318,,9
,,,0.9453137516975403,,,,0.35131049156188965,,10
,,,0.119873046875,,,,0.3714146316051483,,11
,,0.9244822859764099,,,,0.34818145632743835,,1,91
0.935870885848999,,,,0.3713217079639435,,,,1,91
,0.949360728263855,,,,0.34493210911750793,,,2,99
,,,0.9585135579109192,,,,0.28618577122688293,,12
,,,0.9662936329841614,,,,0.2720934748649597,,13
,,,0.9166595935821533,,,,0.3382171392440796,,14
,,,0.947297990322113,,,,0.29721757769584656,,15
,,,0.9467412233352661,,,,0.3019302785396576,,16
,,,0.11932373046875,,,,0.34465789794921875,,17
,,0.9269115328788757,,,,0.30023932456970215,,2,137
0.9456328749656677,,,,0.314306378364563,,,,2,137
,,,0.9598388671875,,,,0.24570928514003754,,18
,,,0.9669974446296692,,,,0.23816095292568207,,19
,,,0.9276110529899597,,,,0.29091930389404297,,20
,,,0.9375859498977661,,,,0.27281492948532104,,21
,,,0.94171142578125,,,,0.2831382155418396,,22
,,,0.11512725055217743,,,,0.313761830329895,,23
,,0.9264654517173767,,,,0.26730987429618835,,3,183
0.9486780166625977,,,,0.2740950286388397,,,,3,183
,0.9532109498977661,,,,0.2731155753135681,,,4,199
,,,0.9680848121643066,,,,0.19778616726398468,,24
,,,0.9708563089370728,,,,0.19188468158245087,,25
,,,0.9377964735031128,,,,0.2542063295841217,,26
,,,0.9452477097511292,,,,0.22308559715747833,,27
,,,0.9496185779571533,,,,0.23028145730495453,,28
,,,0.12097915261983871,,,,0.20983266830444336,,29
,,0.9339953064918518,,,,0.2192142754793167,,4,229
0.9549599885940552,,,,0.2304917573928833,,,,4,229
,,,0.9718378782272339,,,,0.17751429975032806,,30
,,,0.9659411311149597,,,,0.17571888864040375,,31
,,,0.9653419852256775,,,,0.1904085874557495,,32
,,,0.9572156071662903,,,,0.19339130818843842,,33
,,,0.9625219106674194,,,,0.19127145409584045,,34
,,,0.12084836512804031,,,,0.22563114762306213,,35
,,0.943993091583252,,,,0.1866357922554016,,5,275
0.9570339918136597,,,,0.20004911720752716,,,,5,275
,0.97259521484375,,,,0.1581210345029831,,,6,299
,,,0.9695621132850647,,,,0.15237873792648315,,36
,,,0.9664456248283386,,,,0.16115784645080566,,37
,,,0.9576578140258789,,,,0.17128410935401917,,38
,,,0.9209694266319275,,,,0.2132597267627716,,39
,,,0.9348841905593872,,,,0.19730183482170105,,40
,,,0.12101652473211288,,,,0.1766509711742401,,41
,,0.9296871423721313,,,,0.1790173053741455,,6,321
0.9605386257171631,,,,0.17359450459480286,,,,6,321
,,,0.9790350198745728,,,,0.13041269779205322,,42
,,,0.9740226864814758,,,,0.14044812321662903,,43
,,,0.9528783559799194,,,,0.1636408567428589,,44
,,,0.9560459852218628,,,,0.1642007976770401,,45
,,,0.9606186151504517,,,,0.164871945977211,,46
,,,0.1201433464884758,,,,0.17906615138053894,,47
,,0.9439256191253662,,,,0.153357595205307,,7,367
0.9613008499145508,,,,0.15393425524234772,,,,7,367
,0.9633228778839111,,,,0.13555637001991272,,,8,399
,,,0.9786438941955566,,,,0.11843229830265045,,48
,,,0.9709908366203308,,,,0.12522900104522705,,49
,,,0.9660719037055969,,,,0.1349998563528061,,50
,,,0.9579592347145081,,,,0.14512641727924347,,51
,,,0.9629117846488953,,,,0.1446586698293686,,52
,,,0.12084712088108063,,,,0.14876289665699005,,53
,,0.94666987657547,,,,0.13405689597129822,,8,413
0.9656612277030945,,,,0.13571812212467194,,,,8,413
,,,0.9766546487808228,,,,0.10605206340551376,,54
,,,0.9794685244560242,,,,0.1020154058933258,,55
,,,0.9740450978279114,,,,0.11500252038240433,,56
,,,0.9584276080131531,,,,0.13235142827033997,,57
,,,0.9681832194328308,,,,0.12687711417675018,,58
,,,0.12063411623239517,,,,0.15069489181041718,,59
,,0.9506065845489502,,,,0.11729470640420914,,9,459
0.9677020907402039,,,,0.11946918815374374,,,,9,459
,0.9739840626716614,,,,0.10520092397928238,,,10,499
,,,0.9712250232696533,,,,0.10548999905586243,,60
,,,0.9586580395698547,,,,0.1316666156053543,,61
,,,0.9621943235397339,,,,0.12587539851665497,,62
,,,0.9427540302276611,,,,0.16449850797653198,,63
,,,0.9561643004417419,,,,0.14227372407913208,,64
,,,0.12214256078004837,,,,0.09153696894645691,,65
,,0.9378075003623962,,,,0.1329261213541031,,10,505
0.9697257876396179,,,,0.10799110680818558,,,,10,505
,,,0.9617047905921936,,,,0.13121239840984344,,66
,,,0.9668279886245728,,,,0.11233671754598618,,67
,,,0.9474911093711853,,,,0.17275066673755646,,68
,,,0.9641873240470886,,,,0.11993132531642914,,69
,,,0.9496397972106934,,,,0.14559142291545868,,70
,,,0.10912338644266129,,,,0.3441057801246643,,71
,,0.9372666478157043,,,,0.14143136143684387,,11,551
0.9649208784103394,,,,0.11143507063388824,,,,11,551
,,,0.978547990322113,,,,0.08915897458791733,,72
,,,0.983247697353363,,,,0.07590007781982422,,73
,,,0.9762647747993469,,,,0.09387744218111038,,74
,,,0.9748560190200806,,,,0.09883617609739304,,75
,,,0.9694687128067017,,,,0.1062282845377922,,76
,,,0.12064158916473389,,,,0.10111701488494873,,77
,,0.9556029438972473,,,,0.0930030420422554,,12,597
0.969748854637146,,,,0.09623514860868454,,,,12,597
,0.9785492420196533,,,,0.07991325110197067,,,13,599
,,,0.978422224521637,,,,0.07881222665309906,,78
,,,0.9821503162384033,,,,0.0711403340101242,,79
,,,0.9784209728240967,,,,0.07239694148302078,,80
,,,0.9698972105979919,,,,0.09241769462823868,,81
,,,0.9686989188194275,,,,0.10142460465431213,,82
,,,0.12192582339048386,,,,0.07987673580646515,,83
,,0.9546986222267151,,,,0.08315636217594147,,13,643
0.9722089767456055,,,,0.08439332991838455,,,,13,643
,,,0.9759359359741211,,,,0.08446229994297028,,84
,,,0.969697892665863,,,,0.09431753307580948,,85
,,,0.9735580682754517,,,,0.0893833339214325,,86
,,,0.9635707139968872,,,,0.10861562192440033,,87
,,,0.9666598439216614,,,,0.10388615727424622,,88
,,,0.12198685854673386,,,,0.07823515683412552,,89
,,0.9492040276527405,,,,0.09569645673036575,,14,689
0.9736229777336121,,,,0.07822192460298538,,,,14,689
,0.9859619140625,,,,0.058723993599414825,,,15,699
,,,0.9813880324363708,,,,0.06570872664451599,,90
,,,0.9818800091743469,,,,0.06610596925020218,,91
,,,0.9789876937866211,,,,0.06694786250591278,,92
,,,0.9751886129379272,,,,0.08089248090982437,,93
,,,0.9740264415740967,,,,0.07610934972763062,,94
,,,0.12341059744358063,,,,0.05331164970993996,,95
,,0.957443356513977,,,,0.0707177221775055,,15,735
0.9742569923400879,,,,0.07448235154151917,,,,15,735
,,,0.9844198226928711,,,,0.05679618939757347,,96
,,,0.9831107258796692,,,,0.06139225885272026,,97
,,,0.9832863211631775,,,,0.059597909450531006,,98
,,,0.9762012958526611,,,,0.07688839733600616,,99
,,,0.9703344106674194,,,,0.08706306666135788,,100
,,,0.12289117276668549,,,,0.06273458153009415,,101
,,0.95857834815979,,,,0.0682106614112854,,16,781
0.9775581359863281,,,,0.06436944752931595,,,,16,781
,0.9805434942245483,,,,0.06652640551328659,,,17,799
,,,0.9746268391609192,,,,0.07844152301549911,,102
,,,0.9837061166763306,,,,0.05762181431055069,,103
,,,0.96441650390625,,,,0.12457025796175003,,104
,,,0.9670808911323547,,,,0.09342359006404877,,105
,,,0.9648786187171936,,,,0.09646183997392654,,106
,,,0.12258599698543549,,,,0.05603427067399025,,107
,,0.9502502083778381,,,,0.08927284181118011,,17,827
0.9774821400642395,,,,0.06253683567047119,,,,17,827
,,,0.9781581163406372,,,,0.07256254553794861,,108
,,,0.9843762516975403,,,,0.055249620229005814,,109
,,,0.9807091355323792,,,,0.06186550483107567,,110
,,,0.981904923915863,,,,0.061224427074193954,,111
,,,0.9663646221160889,,,,0.09208177030086517,,112
,,,0.12319136410951614,,,,0.05864587798714638,,113
,,0.9574462175369263,,,,0.0683540627360344,,18,873
0.9774448275566101,,,,0.060898229479789734,,,,18,873
,0.9808262586593628,,,,0.061116043478250504,,,19,899
,,,0.9784981608390808,,,,0.06143907830119133,,114
,,,0.9735119938850403,,,,0.08940071612596512,,115
,,,0.9660806655883789,,,,0.10214956849813461,,116
,,,0.9744822978973389,,,,0.0721152275800705,,117
,,,0.9758724570274353,,,,0.07264778763055801,,118
,,,0.1229683980345726,,,,0.049088120460510254,,119
,,0.9529397487640381,,,,0.07880749553442001,,19,919
0.9770799875259399,,,,0.05973389744758606,,,,19,919
,,,0.9819547533988953,,,,0.061763375997543335,,120
,,,0.9858971238136292,,,,0.04679857939481735,,121
,,,0.985746443271637,,,,0.04816359281539917,,122
,,,0.9808897972106934,,,,0.060705143958330154,,123
,,,0.9813095331192017,,,,0.05745646357536316,,124
,,,0.12358124554157257,,,,0.04302221164107323,,125
,,0.9621942043304443,,,,0.054685838520526886,,20,965
0.9785655736923218,,,,0.05595554783940315,,,,20,965
,0.9881666302680969,,,,0.04192293435335159,,,21,999
,,,0.9844846129417419,,,,0.0500192865729332,,126
,,,0.9763980507850647,,,,0.08072438836097717,,127
,,,0.9894957542419434,,,,0.04012152552604675,,128
,,,0.9866170883178711,,,,0.049687035381793976,,129
,,,0.9810255169868469,,,,0.058967702090740204,,130
,,,0.12349280714988708,,,,0.03967329487204552,,131
,,0.9626259207725525,,,,0.055508118122816086,,21,1011
0.9810168147087097,,,,0.048124417662620544,,,,21,1011
,,,0.983732283115387,,,,0.05383860319852829,,132
,,,0.9843264222145081,,,,0.046430524438619614,,133
,,,0.9903190732002258,,,,0.03563039377331734,,134
,,,0.9869534373283386,,,,0.04540052264928818,,135
,,,0.9844571948051453,,,,0.050347909331321716,,136
,,,0.12399479001760483,,,,0.03135053068399429,,137
,,0.9649341702461243,,,,0.04596424847841263,,22,1057
0.9828139543533325,,,,0.043100859969854355,,,,22,1057
,0.9906728267669678,,,,0.033309273421764374,,,23,1099
,,,0.986112654209137,,,,0.04779026284813881,,138
,,,0.9866607189178467,,,,0.04440280795097351,,139
,,,0.9899042844772339,,,,0.03520717844367027,,140
,,,0.9883871078491211,,,,0.04109443351626396,,141
,,,0.9859432578086853,,,,0.04443639516830444,,142
,,,0.12398606538772583,,,,0.030001206323504448,,143
,,0.9663426280021667,,,,0.042279262095689774,,23,1103
0.984153151512146,,,,0.039222002029418945,,,,23,1103
,,,0.9861288070678711,,,,0.05206502974033356,,144
,,,0.9881454706192017,,,,0.04062310606241226,,145
,,,0.9908322691917419,,,,0.03282954916357994,,146
,,,0.988493025302887,,,,0.03963227942585945,,147
,,,0.9868624806404114,,,,0.04160667210817337,,148
,,,0.12428626418113708,,,,0.02441667951643467,,149
,,0.9670239686965942,,,,0.04093828424811363,,24,1149
0.9852349758148193,,,,0.03520920127630234,,,,24,1149
,,,0.9864850640296936,,,,0.0445992611348629,,150
,,,0.9874566793441772,,,,0.04127047583460808,,151
,,,0.9911437034606934,,,,0.031157001852989197,,152
,,,0.9885988831520081,,,,0.03981512784957886,,153
,,,0.9879162907600403,,,,0.037791937589645386,,154
,,,0.12438715994358063,,,,0.020191723480820656,,155
,,0.9672486186027527,,,,0.03846981003880501,,25,1195
0.985456645488739,,,,0.03431271016597748,,,,25,1195
,0.9904311895370483,,,,0.031280457973480225,,,26,1199
,,,0.9871913194656372,,,,0.047917112708091736,,156
,,,0.9874516725540161,,,,0.04079989343881607,,157
,,,0.9913068413734436,,,,0.030475737527012825,,158
,,,0.9899404048919678,,,,0.03501414880156517,,159
,,,0.9876024127006531,,,,0.0390639454126358,,160
,,,0.12400973588228226,,,,0.02725263498723507,,161
,,0.9676084518432617,,,,0.038376081734895706,,26,1241
0.9862135648727417,,,,0.03172636404633522,,,,26,1241
,,,0.9892079830169678,,,,0.03397548198699951,,162
,,,0.9864140748977661,,,,0.04390588402748108,,163
,,,0.988496720790863,,,,0.03558214008808136,,164
,,,0.9874628782272339,,,,0.03978445753455162,,165
,,,0.9852356910705566,,,,0.043570104986429214,,166
,,,0.12424391508102417,,,,0.023160291835665703,,167
,,0.9663117527961731,,,,0.03896841034293175,,27,1287
0.9868408441543579,,,,0.02924254909157753,,,,27,1287
,0.9897199273109436,,,,0.03030235879123211,,,28,1299
,,,0.9784396290779114,,,,0.06748408079147339,,168
,,,0.9774718284606934,,,,0.07308533787727356,,169
,,,0.9635769724845886,,,,0.10628495365381241,,170
,,,0.9717656373977661,,,,0.07823660969734192,,171
,,,0.9664605855941772,,,,0.08741483092308044,,172
,,,0.12365099787712097,,,,0.03566592186689377,,173
,,0.9508625864982605,,,,0.08135884255170822,,28,1333
0.9822619557380676,,,,0.04013605788350105,,,,28,1333
,,,0.9800465106964111,,,,0.054290108382701874,,174
,,,0.9833610653877258,,,,0.04982996731996536,,175
,,,0.984639048576355,,,,0.046785641461610794,,176
,,,0.9567846059799194,,,,0.12739025056362152,,177
,,,0.96026611328125,,,,0.10709180682897568,,178
,,,0.12257852405309677,,,,0.05080064386129379,,179
,,0.9522770047187805,,,,0.07643665373325348,,29,1379
0.9781935811042786,,,,0.05058891698718071,,,,29,1379
,0.9811563491821289,,,,0.05490460619330406,,,30,1399
,,,0.9753592610359192,,,,0.0846673771739006,,180
,,,0.9873096942901611,,,,0.040565937757492065,,181
,,,0.9856691956520081,,,,0.04581417143344879,,182
,,,0.9771304726600647,,,,0.06575566530227661,,183
,,,0.9814801812171936,,,,0.05226999893784523,,184
,,,0.12369833141565323,,,,0.033166948705911636,,185
,,0.96047043800354,,,,0.057213470339775085,,30,1425
0.9769640564918518,,,,0.053293462842702866,,,,30,1425
,,,0.9851161241531372,,,,0.05232997611165047,,186
,,,0.987028181552887,,,,0.04359760135412216,,187
,,,0.988431990146637,,,,0.03560776263475418,,188
,,,0.9771143198013306,,,,0.07431791722774506,,189
,,,0.9833386540412903,,,,0.0471545085310936,,190
,,,0.12389015406370163,,,,0.032596834003925323,,191
,,0.9632226228713989,,,,0.0501624159514904,,31,1471
0.981587827205658,,,,0.040860239416360855,,,,31,1471
,0.9901036024093628,,,,0.03011283278465271,,,32,1499
,,,0.9868612289428711,,,,0.04611390829086304,,192
,,,0.9875040054321289,,,,0.04393935576081276,,193
,,,0.99090576171875,,,,0.028529582545161247,,194
,,,0.9894708395004272,,,,0.03191298618912697,,195
,,,0.9876721501350403,,,,0.03654076159000397,,196
,,,0.12435103207826614,,,,0.020397577434778214,,197
,,0.9674065113067627,,,,0.03699244558811188,,32,1517
0.9852445125579834,,,,0.031884294003248215,,,,32,1517
,,,0.9858610033988953,,,,0.03770211711525917,,198
,,,0.9867640733718872,,,,0.041421908885240555,,199
,,,0.9904000163078308,,,,0.030547169968485832,,200
,,,0.9880321025848389,,,,0.036334455013275146,,201
,,,0.985567033290863,,,,0.040425028651952744,,202
,,,0.12414301931858063,,,,0.020129133015871048,,203
,,0.9662715792655945,,,,0.03686767444014549,,33,1563
0.984407365322113,,,,0.033319950103759766,,,,33,1563
,0.9892005324363708,,,,0.0337393619120121,,,34,1599
,,,0.9833548665046692,,,,0.05547037720680237,,204
,,,0.9880470633506775,,,,0.03920378163456917,,205
,,,0.9911897778511047,,,,0.026978569105267525,,206
,,,0.990986704826355,,,,0.028937645256519318,,207
,,,0.9881093502044678,,,,0.03506622090935707,,208
,,,0.12446936964988708,,,,0.014768549241125584,,209
,,0.9672675728797913,,,,0.03658588230609894,,34,1609
0.9858400821685791,,,,0.02978515438735485,,,,34,1609
,,,0.9880769848823547,,,,0.032104045152664185,,210
,,,0.9881193041801453,,,,0.041863519698381424,,211
,,,0.9925524592399597,,,,0.023060012608766556,,212
,,,0.9912806749343872,,,,0.026424583047628403,,213
,,,0.9883908629417419,,,,0.03493288904428482,,214
,,,0.12445192784070969,,,,0.013804340735077858,,215
,,0.9685808420181274,,,,0.03124108910560608,,35,1655
0.9871459007263184,,,,0.02581506408751011,,,,35,1655
,0.9940035939216614,,,,0.01911891996860504,,,36,1699
,,,0.9883173704147339,,,,0.03485703468322754,,216
,,,0.9891319870948792,,,,0.035559915006160736,,217
,,,0.9932238459587097,,,,0.021808115765452385,,218
,,,0.9922186136245728,,,,0.024166451767086983,,219
,,,0.9897099733352661,,,,0.03129970282316208,,220
,,,0.12454161047935486,,,,0.013598124496638775,,221
,,0.9693989753723145,,,,0.029149459674954414,,36,1701
0.9881675839424133,,,,0.023097699508070946,,,,36,1701
,,,0.9895330667495728,,,,0.03243260085582733,,222
,,,0.9896426796913147,,,,0.035147782415151596,,223
,,,0.993806779384613,,,,0.019419534131884575,,224
,,,0.9925225973129272,,,,0.02244643308222294,,225
,,,0.9903439879417419,,,,0.028403019532561302,,226
,,,0.12448431551456451,,,,0.012501245364546776,,227
,,0.970031201839447,,,,0.027202347293496132,,37,1747
0.9885262250900269,,,,0.021875446662306786,,,,37,1747
,,,0.9376158714294434,,,,0.46378418803215027,,228
,,,0.9529929757118225,,,,0.28933727741241455,,229
,,,0.9196789860725403,,,,0.5009778738021851,,230
,,,0.9232576489448547,,,,0.4868614971637726,,231
,,,0.9182315468788147,,,,0.5349248051643372,,232
,,,0.09776710718870163,,,,1.8413403034210205,,233
,,0.9100483059883118,,,,0.48898598551750183,,38,1793
0.987968385219574,,,,0.023757608607411385,,,,38,1793
,0.9802507758140564,,,,0.05223047733306885,,,39,1799
,,,0.9791222214698792,,,,0.0522519089281559,,234
,,,0.9829002022743225,,,,0.05176521837711334,,235
,,,0.9761427044868469,,,,0.05623079836368561,,236
,,,0.9784857034683228,,,,0.05828320235013962,,237
,,,0.9698050618171692,,,,0.09691182523965836,,238
,,,0.12316271662712097,,,,0.03759589046239853,,239
,,0.9564587473869324,,,,0.0624668188393116,,39,1839
0.972250759601593,,,,0.06478613615036011,,,,39,1839
,,,0.9801934957504272,,,,0.053729649633169174,,240
,,,0.9849504828453064,,,,0.04484706372022629,,241
,,,0.9761227965354919,,,,0.05714838206768036,,242
,,,0.9875637888908386,,,,0.040339499711990356,,243
,,,0.9794660210609436,,,,0.05126277729868889,,244
,,,0.12291359156370163,,,,0.04351617768406868,,245
,,0.9607142806053162,,,,0.04932037368416786,,40,1885
0.9802241921424866,,,,0.042395658791065216,,,,40,1885
,0.9825401902198792,,,,0.04704852029681206,,,41,1899
,,,0.9851821660995483,,,,0.03678901866078377,,246
,,,0.982829213142395,,,,0.04930724948644638,,247
,,,0.9876721501350403,,,,0.03515464812517166,,248
,,,0.9895268678665161,,,,0.03140224516391754,,249
,,,0.9858523011207581,,,,0.03997369483113289,,250
,,,0.12436473369598389,,,,0.015793563798069954,,251
,,0.9651918411254883,,,,0.03797093406319618,,41,1931
0.9836283326148987,,,,0.03367413952946663,,,,41,1931
,,,0.9879611134529114,,,,0.03590257838368416,,252
,,,0.9886237978935242,,,,0.036109041422605515,,253
,,,0.9918661117553711,,,,0.02389787696301937,,254
,,,0.9904485940933228,,,,0.0279194638133049,,255
,,,0.9884020686149597,,,,0.03309483453631401,,256
,,,0.12449178844690323,,,,0.014747639186680317,,257
,,0.9683635234832764,,,,0.03097897581756115,,42,1977
0.9854928851127625,,,,0.028992047533392906,,,,42,1977
,0.9916967153549194,,,,0.02452690154314041,,,43,1999
,,,0.9887197017669678,,,,0.03913280367851257,,258
,,,0.9884506464004517,,,,0.03882507234811783,,259
,,,0.9932500123977661,,,,0.020472247153520584,,260
,,,0.9921613335609436,,,,0.023349756374955177,,261
,,,0.9899640679359436,,,,0.02895873412489891,,262
,,,0.12454036623239517,,,,0.012499785982072353,,263
,,0.9693880081176758,,,,0.029717285186052322,,43,2023
0.9878547787666321,,,,0.02304985001683235,,,,43,2023
,,,0.9898220896720886,,,,0.0301559716463089,,264
,,,0.989054799079895,,,,0.03675537928938866,,265
,,,0.993684709072113,,,,0.01863204687833786,,266
,,,0.9925885796546936,,,,0.021708829328417778,,267
,,,0.9907064437866211,,,,0.027604326605796814,,268
,,,0.1245291605591774,,,,0.012134145013988018,,269
,,0.9700337052345276,,,,0.026609430089592934,,44,2069
0.9887585043907166,,,,0.020474500954151154,,,,44,2069
,0.9932886362075806,,,,0.018597137182950974,,,45,2099
,,,0.9896252751350403,,,,0.03634390980005264,,270
,,,0.9896726012229919,,,,0.03458837419748306,,271
,,,0.9941231608390808,,,,0.017194215208292007,,272
,,,0.9929984211921692,,,,0.02017480507493019,,273
,,,0.9912669658660889,,,,0.026134777814149857,,274
,,,0.12451171875,,,,0.011862432584166527,,275
,,0.9703903198242188,,,,0.026520755141973495,,45,2115
0.9895876049995422,,,,0.01835758611559868,,,,45,2115
,,,0.9902368783950806,,,,0.0364513024687767,,276
,,,0.9904474020004272,,,,0.03393371403217316,,277
,,,0.9944320917129517,,,,0.016016753390431404,,278
,,,0.9933770895004272,,,,0.019218072295188904,,279
,,,0.9911486506462097,,,,0.026381583884358406,,280
,,,0.12462880462408066,,,,0.010110992006957531,,281
,,0.97077476978302,,,,0.02600298635661602,,46,2161
0.9896324276924133,,,,0.017979564145207405,,,,46,2161
,0.9911586046218872,,,,0.023645568639039993,,,47,2199
,,,0.9901272654533386,,,,0.035888392478227615,,282
,,,0.9900960922241211,,,,0.035761602222919464,,283
,,,0.9948170185089111,,,,0.01515131164342165,,284
,,,0.9936698079109192,,,,0.018490072339773178,,285
,,,0.9914787411689758,,,,0.025650257244706154,,286
,,,0.12464624643325806,,,,0.009517773985862732,,287
,,0.9708818793296814,,,,0.025781730189919472,,47,2207
0.9900399446487427,,,,0.01693914644420147,,,,47,2207
,,,0.9903626441955566,,,,0.03468404337763786,,288
,,,0.9904124736785889,,,,0.035097744315862656,,289
,,,0.9952554702758789,,,,0.013997041620314121,,290
,,,0.9938653707504272,,,,0.01774316094815731,,291
,,,0.9917042255401611,,,,0.025373391807079315,,292
,,,0.12462631613016129,,,,0.009219620376825333,,293
,,0.9711567759513855,,,,0.024984944611787796,,48,2253
0.9901894330978394,,,,0.016509979963302612,,,,48,2253
,0.7466804385185242,,,,0.012996566481888294,,,49,2299
,,,0.9906678199768066,,,,0.03584367036819458,,294
,,,0.990254282951355,,,,0.036145225167274475,,295
,,,0.9954759478569031,,,,0.013480418361723423,,296
,,,0.9942066669464111,,,,0.016737312078475952,,297
,,,0.9920293092727661,,,,0.02508646622300148,,298
,,,0.12463503330945969,,,,0.008832207880914211,,299
,,0.9713587164878845,,,,0.025053096935153008,,49,2299
0.9903498291969299,,,,0.015841146931052208,,,,49,2299
,,,0.9906578660011292,,,,0.036270271986722946,,300
,,,0.9903813600540161,,,,0.03608556091785431,,301
,,,0.9957237839698792,,,,0.012570665217936039,,302
,,,0.9945765733718872,,,,0.016019588336348534,,303
,,,0.9923543930053711,,,,0.023326193913817406,,304
,,,0.12467364966869354,,,,0.008282527327537537,,305
,,0.9715664386749268,,,,0.024450264871120453,,50,2345
0.9909486770629883,,,,0.01432961318641901,,,,50,2345
,,,0.9909331798553467,,,,0.03294021636247635,,306
,,,0.9907662272453308,,,,0.034846559166908264,,307
,,,0.9958221912384033,,,,0.012625523842871189,,308
,,,0.9947771430015564,,,,0.01533068623393774,,309
,,,0.9923593997955322,,,,0.02421586401760578,,310
,,,0.12471973896026611,,,,0.007785886991769075,,311
,,0.9717558026313782,,,,0.0235965047031641,,51,2391
0.9908994436264038,,,,0.014399586245417595,,,,51,2391
,0.9957188367843628,,,,0.012379985302686691,,,52,2399
,,,0.9908671379089355,,,,0.03817630186676979,,312
,,,0.9911063313484192,,,,0.03422864153981209,,313
,,,0.9959480166435242,,,,0.011938306502997875,,314
,,,0.9948344230651855,,,,0.014845647849142551,,315
,,,0.9926010370254517,,,,0.022967910394072533,,316
,,,0.12472596764564514,,,,0.007431258913129568,,317
,,0.9718921780586243,,,,0.0240167248994112,,52,2437
0.9911112785339355,,,,0.013817768543958664,,,,52,2437
,,,0.9914090037345886,,,,0.030712850391864777,,318
,,,0.9910290837287903,,,,0.03414008393883705,,319
,,,0.9962494373321533,,,,0.011151734739542007,,320
,,,0.9950461983680725,,,,0.0142024215310812,,321
,,,0.9922086596488953,,,,0.025346772745251656,,322
,,,0.12471599876880646,,,,0.007534266449511051,,323
,,0.9720062613487244,,,,0.022730857133865356,,53,2483
0.9912102818489075,,,,0.013501153327524662,,,,53,2483
,0.9954522848129272,,,,0.013544079847633839,,,54,2499
,,,0.9913765788078308,,,,0.03544432297348976,,324
,,,0.990751326084137,,,,0.036174993962049484,,325
,,,0.9962145686149597,,,,0.010922858491539955,,326
,,,0.9952654242515564,,,,0.013548335991799831,,327
,,,0.9925063848495483,,,,0.02477552928030491,,328
,,,0.1247471421957016,,,,0.006917540915310383,,329
,,0.972040593624115,,,,0.02375233732163906,,54,2529
0.9915021061897278,,,,0.012654509395360947,,,,54,2529
,,,0.9914563298225403,,,,0.037001416087150574,,330
,,,0.9911524057388306,,,,0.036187879741191864,,331
,,,0.9964337944984436,,,,0.010331719182431698,,332
,,,0.9955805540084839,,,,0.012794574722647667,,333
,,,0.9926109910011292,,,,0.0257865022867918,,334
,,,0.12474963068962097,,,,0.00654789712280035,,335
,,0.9722590446472168,,,,0.023984503000974655,,55,2575
0.9916301965713501,,,,0.012227865867316723,,,,55,2575
,0.9962058663368225,,,,0.01095537282526493,,,56,2599
,,,0.9906927347183228,,,,0.037224069237709045,,336
,,,0.9910988211631775,,,,0.036728762090206146,,337
,,,0.9961759448051453,,,,0.011412438936531544,,338
,,,0.9951308965682983,,,,0.013464420102536678,,339
,,,0.9927193522453308,,,,0.023200005292892456,,340
,,,0.12474464625120163,,,,0.006688916590064764,,341
,,0.9719825387001038,,,,0.023973817005753517,,56,2621
0.9916388392448425,,,,0.012116429395973682,,,,56,2621
,,,0.9915833473205566,,,,0.02896503172814846,,342
,,,0.9909904599189758,,,,0.03641468286514282,,343
,,,0.9963104724884033,,,,0.010476399213075638,,344
,,,0.9954348206520081,,,,0.012556303292512894,,345
,,,0.9931827187538147,,,,0.021960316225886345,,346
,,,0.12475087493658066,,,,0.006433934438973665,,347
,,0.9723113179206848,,,,0.021693069487810135,,57,2667
0.9916311502456665,,,,0.012078754603862762,,,,57,2667
,0.9962893128395081,,,,0.010528706945478916,,,58,2699
,,,0.9912781715393066,,,,0.03513485938310623,,348
,,,0.9915497303009033,,,,0.03535770624876022,,349
,,,0.9965670704841614,,,,0.00987450685352087,,350
,,,0.9958359003067017,,,,0.011711492203176022,,351
,,,0.9931802749633789,,,,0.022282984107732773,,352
,,,0.12470728158950806,,,,0.007013041991740465,,353
,,0.9724876880645752,,,,0.02248549833893776,,58,2713
0.9919920563697815,,,,0.01110298652201891,,,,58,2713
,,,0.9916917681694031,,,,0.03756863996386528,,354
,,,0.9914650321006775,,,,0.037907663732767105,,355
,,,0.9967103004455566,,,,0.009600440040230751,,356
,,,0.996065080165863,,,,0.011349095962941647,,357
,,,0.9934268593788147,,,,0.0226889718323946,,358
,,,0.12477952241897583,,,,0.005919992923736572,,359
,,0.9726743698120117,,,,0.023386303335428238,,59,2759
0.9920943379402161,,,,0.010698605328798294,,,,59,2759
,0.9958595633506775,,,,0.011764506809413433,,,60,2799
,,,0.9917091727256775,,,,0.03692984580993652,,360
,,,0.9919097423553467,,,,0.0328037329018116,,361
,,,0.9967738389968872,,,,0.0091868219897151,,362
,,,0.9960576295852661,,,,0.01125968899577856,,363
,,,0.9936785101890564,,,,0.021456947550177574,,364
,,,0.12480319291353226,,,,0.005689816549420357,,365
,,0.9728252291679382,,,,0.021921612322330475,,60,2805
0.9921569228172302,,,,0.01060191448777914,,,,60,2805
,,,0.9917328357696533,,,,0.03639581799507141,,366
,,,0.9919906854629517,,,,0.03309118002653122,,367
,,,0.9969395399093628,,,,0.008632078766822815,,368
,,,0.9959442615509033,,,,0.011570112779736519,,369
,,,0.9935526847839355,,,,0.021699126809835434,,370
,,,0.1247994527220726,,,,0.005327723454684019,,371
,,0.9728311896324158,,,,0.02186424843966961,,61,2851
0.9922000765800476,,,,0.010401314124464989,,,,61,2851
,,,0.9918225407600403,,,,0.03720347583293915,,372
,,,0.9921999573707581,,,,0.031783271580934525,,373
,,,0.9968162178993225,,,,0.008864665403962135,,374
,,,0.9963104724884033,,,,0.010493693873286247,,375
,,,0.9937320351600647,,,,0.021902648732066154,,376
,,,0.12476582080125809,,,,0.00587046192958951,,377
,,0.9729712009429932,,,,0.021654939278960228,,62,2897
0.9922857880592346,,,,0.010205372236669064,,,,62,2897
,0.9969881176948547,,,,0.008520008996129036,,,63,2899
,,,0.9920554757118225,,,,0.03464076295495033,,378
,,,0.9919122457504272,,,,0.034039244055747986,,379
,,,0.997041642665863,,,,0.008587194606661797,,380
,,,0.9963229298591614,,,,0.010243560187518597,,381
,,,0.9940546751022339,,,,0.020398663356900215,,382
,,,0.12478700280189514,,,,0.005365733057260513,,383
,,0.9730702638626099,,,,0.02118636853992939,,63,2943
0.9924295544624329,,,,0.00979541428387165,,,,63,2943
,,,0.9921376705169678,,,,0.03537817299365997,,384
,,,0.9920081496238708,,,,0.033906012773513794,,385
,,,0.9972608685493469,,,,0.007859796285629272,,386
,,,0.9964774250984192,,,,0.009954281151294708,,387
,,,0.9940434694290161,,,,0.021235156804323196,,388
,,,0.12478949129581451,,,,0.0052328333258628845,,389
,,0.9731758832931519,,,,0.02126585878431797,,64,2989
0.9925087690353394,,,,0.009523643180727959,,,,64,2989
,0.9958869814872742,,,,0.010864055715501308,,,65,2999
,,,0.9919421076774597,,,,0.03717252239584923,,390
,,,0.9919247031211853,,,,0.03541569411754608,,391
,,,0.99725341796875,,,,0.007962995208799839,,392
,,,0.9965683221817017,,,,0.009568060748279095,,393
,,,0.9934331178665161,,,,0.023769713938236237,,394
,,,0.12476831674575806,,,,0.005354182329028845,,395
,,0.9730179905891418,,,,0.022352831438183784,,65,3035
0.9925221800804138,,,,0.00939837098121643,,,,65,3035
,,,0.9920716285705566,,,,0.03669576346874237,,396
,,,0.991972029209137,,,,0.035558294504880905,,397
,,,0.9971849322319031,,,,0.008015510626137257,,398
,,,0.9968709945678711,,,,0.008742089383304119,,399
,,,0.9941530823707581,,,,0.021113399416208267,,400
,,,0.12481191009283066,,,,0.004897060338407755,,401
,,0.9732398986816406,,,,0.021607257425785065,,66,3081
0.9926594495773315,,,,0.009012959897518158,,,,66,3081
,0.9968398809432983,,,,0.008558935485780239,,,67,3099
,,,0.9923543930053711,,,,0.03527138754725456,,402
,,,0.992350697517395,,,,0.03311343118548393,,403
,,,0.9975311756134033,,,,0.00719041470438242,,404
,,,0.9970167279243469,,,,0.008368746377527714,,405
,,,0.993864119052887,,,,0.022009074687957764,,406
,,,0.12481315433979034,,,,0.0047954656183719635,,407
,,0.973408579826355,,,,0.02079072967171669,,67,3127
0.992867648601532,,,,0.008547687903046608,,,,67,3127
,,,0.9923369884490967,,,,0.03165178745985031,,408
,,,0.9920840859413147,,,,0.03609157353639603,,409
,,,0.9974253177642822,,,,0.0072953044436872005,,410
,,,0.9969021677970886,,,,0.008680432103574276,,411
,,,0.9941231608390808,,,,0.0212266705930233,,412
,,,0.12481938302516937,,,,0.0047692726366221905,,413
,,0.9733608365058899,,,,0.020593546330928802,,68,3173
0.9929834604263306,,,,0.00817231647670269,,,,68,3173
,0.9971562623977661,,,,0.007725163828581572,,,69,3199
,,,0.9921700358390808,,,,0.04000060260295868,,414
,,,0.9924017190933228,,,,0.03344694897532463,,415
,,,0.9973493218421936,,,,0.007304242346435785,,416
,,,0.9970578551292419,,,,0.00812540389597416,,417
,,,0.9943473935127258,,,,0.020205212756991386,,418
,,,0.1248256117105484,,,,0.004599256440997124,,419
,,0.9734495878219604,,,,0.02139655128121376,,69,3219
0.992767333984375,,,,0.008659533224999905,,,,69,3219
,,,0.9921227097511292,,,,0.03843821585178375,,420
,,,0.9922360777854919,,,,0.03335336223244667,,421
,,,0.9975411295890808,,,,0.007020912598818541,,422
,,,0.9969619512557983,,,,0.008379889652132988,,423
,,,0.9945641160011292,,,,0.019476095214486122,,424
,,,0.1248256117105484,,,,0.004516556393355131,,425
,,0.973469078540802,,,,0.020923519507050514,,70,3265
0.9929115772247314,,,,0.008361444808542728,,,,70,3265
,0.9971463084220886,,,,0.007714288309216499,,,71,3299
,,,0.9920791387557983,,,,0.0362786166369915,,426
,,,0.9921177625656128,,,,0.03489638864994049,,427
,,,0.9975610971450806,,,,0.006881680805236101,,428
,,,0.9972372055053711,,,,0.007917322218418121,,429
,,,0.9946388602256775,,,,0.020095396786928177,,430
,,,0.12478450685739517,,,,0.005035796668380499,,431
,,0.9735087752342224,,,,0.020819297060370445,,71,3311
0.9930005669593811,,,,0.008051727898418903,,,,71,3311
,,,0.9920405149459839,,,,0.041453633457422256,,432
,,,0.9926496148109436,,,,0.031538430601358414,,433
,,,0.9973119497299194,,,,0.007758056279271841,,434
,,,0.9954273700714111,,,,0.013855173252522945,,435
,,,0.9946724772453308,,,,0.017490878701210022,,436
,,,0.12481191009283066,,,,0.004574740771204233,,437
,,0.9732105135917664,,,,0.021984003484249115,,72,3357
0.9929652810096741,,,,0.008122093975543976,,,,72,3357
,0.9974141120910645,,,,0.00733571732416749,,,73,3399
,,,0.9924491047859192,,,,0.03927356377243996,,438
,,,0.9920554757118225,,,,0.036206282675266266,,439
,,,0.9975697994232178,,,,0.006708549335598946,,440
,,,0.9970030784606934,,,,0.007992373779416084,,441
,,,0.9941468238830566,,,,0.021159641444683075,,442
,,,0.12481315433979034,,,,0.004526484292000532,,443
,,0.9734294414520264,,,,0.021835360676050186,,73,3403
0.9929485321044922,,,,0.00808664970099926,,,,73,3403
,,,0.9923319816589355,,,,0.03711484372615814,,444
,,,0.9920143485069275,,,,0.03868633508682251,,445
,,,0.9977442026138306,,,,0.0064385635778307915,,446
,,,0.9971923828125,,,,0.007717980071902275,,447
,,,0.994792103767395,,,,0.018727755174040794,,448
,,,0.12483806908130646,,,,0.004000721033662558,,449
,,0.9735960364341736,,,,0.021304501220583916,,74,3449
0.9932173490524292,,,,0.0074926153756678104,,,,74,3449
,,,0.9926247000694275,,,,0.03864122927188873,,450
,,,0.9925873279571533,,,,0.03351651877164841,,451
,,,0.9978164434432983,,,,0.0061983587220311165,,452
,,,0.9972646236419678,,,,0.007476354017853737,,453
,,,0.9950611591339111,,,,0.018472114577889442,,454
,,,0.12483806908130646,,,,0.003978292923420668,,455
,,0.9738457202911377,,,,0.020449144765734673,,75,3495
0.9932225942611694,,,,0.007444624789059162,,,,75,3495
,0.9981502890586853,,,,0.005246134474873543,,,76,3499
,,,0.9926508665084839,,,,0.038673050701618195,,456
,,,0.9926159977912903,,,,0.034970421344041824,,457
,,,0.9977304935455322,,,,0.006213478744029999,,458
,,,0.9974190592765808,,,,0.007079463917762041,,459
,,,0.9950623512268066,,,,0.017437048256397247,,460
,,,0.12484429776668549,,,,0.003789689624682069,,461
,,0.9738701581954956,,,,0.020457986742258072,,76,3541
0.9933967590332031,,,,0.0069708069786429405,,,,76,3541
,,,0.9922261238098145,,,,0.040081072598695755,,462
,,,0.9927306175231934,,,,0.035043053328990936,,463
,,,0.9978451132774353,,,,0.005974535830318928,,464
,,,0.9975037574768066,,,,0.0067594824358820915,,465
,,,0.9950299859046936,,,,0.018293343484401703,,466
,,,0.12481813877820969,,,,0.003937690984457731,,467
,,0.9738414883613586,,,,0.020808527246117592,,77,3587
0.9933485984802246,,,,0.007019446697086096,,,,77,3587
,0.9974377751350403,,,,0.006788391154259443,,,78,3599
,,,0.9922609925270081,,,,0.03916237875819206,,468
,,,0.9922647476196289,,,,0.03671977296471596,,469
,,,0.9978238940238953,,,,0.005997894797474146,,470
,,,0.9975249767303467,,,,0.006923713255673647,,471
,,,0.9951408505439758,,,,0.017758328467607498,,472
,,,0.12486298382282257,,,,0.003466595197096467,,473
,,0.9737802147865295,,,,0.020877154543995857,,78,3633
0.9934058785438538,,,,0.006878139451146126,,,,78,3633
,,,0.9922759532928467,,,,0.04094364121556282,,474
,,,0.9928464293479919,,,,0.03321992605924606,,475
,,,0.9979173541069031,,,,0.0057539441622793674,,476
,,,0.9975636005401611,,,,0.0066572572104632854,,477
,,,0.9949776530265808,,,,0.019485995173454285,,478
,,,0.12483308464288712,,,,0.0036213118582963943,,479
,,0.9738897681236267,,,,0.020783109590411186,,79,3679
0.9933925271034241,,,,0.006898967083543539,,,,79,3679
,0.9967190623283386,,,,0.009108209051191807,,,80,3699
,,,0.9927629828453064,,,,0.03876978158950806,,480
,,,0.99224853515625,,,,0.03799004480242729,,481
,,,0.9980580806732178,,,,0.005512946750968695,,482
,,,0.9974963068962097,,,,0.006750458851456642,,483
,,,0.9949303269386292,,,,0.018685095012187958,,484
,,,0.12486671656370163,,,,0.0034189403522759676,,485
,,0.9738740921020508,,,,0.021099647507071495,,80,3725
0.9935171008110046,,,,0.006560822017490864,,,,80,3725
,,,0.9923282265663147,,,,0.041273750364780426,,486
,,,0.9926072955131531,,,,0.0361032634973526,,487
,,,0.9979733824729919,,,,0.005509277805685997,,488
,,,0.9963715076446533,,,,0.009684109129011631,,489
,,,0.994600236415863,,,,0.01993946172297001,,490
,,,0.1248430535197258,,,,0.0034547944087535143,,491
,,0.9735583066940308,,,,0.022037407383322716,,81,3771
0.9935075640678406,,,,0.006577093154191971,,,,81,3771
,0.9977442026138306,,,,0.006018094718456268,,,82,3799
,,,0.9904922246932983,,,,0.05017086863517761,,492
,,,0.9925200939178467,,,,0.03702129051089287,,493
,,,0.9979273080825806,,,,0.005490974523127079,,494
,,,0.9970740675926208,,,,0.008172931149601936,,495
,,,0.9950985312461853,,,,0.017558423802256584,,496
,,,0.12484928220510483,,,,0.0037305683363229036,,497
,,0.9734084010124207,,,,0.023196257650852203,,82,3817
0.9934226870536804,,,,0.0067540621384978294,,,,82,3817
,,,0.9922597408294678,,,,0.04301408678293228,,498
,,,0.992695689201355,,,,0.03668760135769844,,499
,,,0.9979870915412903,,,,0.005503903143107891,,500
,,,0.99737548828125,,,,0.007556098513305187,,501
,,,0.9950599074363708,,,,0.018976546823978424,,502
,,,0.12482935190200806,,,,0.00369263649918139,,503
,,0.9738500714302063,,,,0.021892646327614784,,83,3863
0.993501603603363,,,,0.006514244247227907,,,,83,3863
,0.9972770810127258,,,,0.007276362273842096,,,84,3899
,,,0.992097795009613,,,,0.04426836222410202,,504
,,,0.9926819801330566,,,,0.03681249916553497,,505
,,,0.9981465339660645,,,,0.005119729787111282,,506
,,,0.9975486397743225,,,,0.006582960486412048,,507
,,,0.9954173564910889,,,,0.017528025433421135,,508
,,,0.12486547231674194,,,,0.003176130121573806,,509
,,0.9739512801170349,,,,0.021601678803563118,,84,3909
0.9935752749443054,,,,0.006327720824629068,,,,84,3909
,,,0.9923133254051208,,,,0.038124073296785355,,510
,,,0.992838978767395,,,,0.035215266048908234,,511
,,,0.998271107673645,,,,0.0048676892183721066,,512
,,,0.9978550672531128,,,,0.005990505218505859,,513
,,,0.9954460263252258,,,,0.01741093397140503,,514
,,,0.12487544119358063,,,,0.0032477648928761482,,515
,,0.974113941192627,,,,0.01990525610744953,,85,3955
0.9937173128128052,,,,0.005999029614031315,,,,85,3955
,0.9982760548591614,,,,0.004772230051457882,,,86,3999
,,,0.9916369318962097,,,,0.046078573912382126,,516
,,,0.9928339719772339,,,,0.03739190101623535,,517
,,,0.99822998046875,,,,0.004855309147387743,,518
,,,0.9977965354919434,,,,0.005946034099906683,,519
,,,0.9952230453491211,,,,0.018558958545327187,,520
,,,0.12487544119358063,,,,0.002934735966846347,,521
,,0.9739179611206055,,,,0.0220873411744833,,86,4001
0.993777334690094,,,,0.005790086463093758,,,,86,4001
,,,0.9917988777160645,,,,0.04568172246217728,,522
,,,0.9924216866493225,,,,0.04125592112541199,,523
,,,0.9981676936149597,,,,0.005152368918061256,,524
,,,0.9977915287017822,,,,0.006079710088670254,,525
,,,0.9948132634162903,,,,0.020656852051615715,,526
,,,0.12485924363136292,,,,0.0035795550793409348,,527
,,0.9737757444381714,,,,0.023272980004549026,,87,4047
0.9937664270401001,,,,0.005802053492516279,,,,87,4047
,,,0.9926384091377258,,,,0.041730523109436035,,528
,,,0.9928538799285889,,,,0.036379214376211166,,529
,,,0.998210072517395,,,,0.00481385225430131,,530
,,,0.9979584217071533,,,,0.0057116723619401455,,531
,,,0.9952305555343628,,,,0.018948238343000412,,532
,,,0.12486298382282257,,,,0.0030942612793296576,,533
,,0.9741461277008057,,,,0.02106737345457077,,88,4093
0.9937426447868347,,,,0.005898083560168743,,,,88,4093
,0.9979559183120728,,,,0.005369997583329678,,,89,4099
,,,0.9922909140586853,,,,0.04289967566728592,,534
,,,0.9926857352256775,,,,0.038932885974645615,,535
,,,0.9982798099517822,,,,0.004745301324874163,,536
,,,0.9978699684143066,,,,0.0057797301560640335,,537
,,,0.9953625798225403,,,,0.017999570816755295,,538
,,,0.12485426664352417,,,,0.0030208288226276636,,539
,,0.9740675091743469,,,,0.02160678431391716,,89,4139
0.9938988089561462,,,,0.005462845787405968,,,,89,4139
,,,0.9924789667129517,,,,0.046147823333740234,,540
,,,0.9927629828453064,,,,0.037506911903619766,,541
,,,0.9983345866203308,,,,0.004509523045271635,,542
,,,0.9979746341705322,,,,0.005658072419464588,,543
,,,0.9955357313156128,,,,0.017927678301930428,,544
,,,0.12488540261983871,,,,0.0029762261547148228,,545
,,0.9741849303245544,,,,0.021877471357584,,90,4185
0.9938021898269653,,,,0.005707785952836275,,,,90,4185
,0.9979397654533386,,,,0.005210419185459614,,,91,4199
,,,0.9921152591705322,,,,0.043658677488565445,,546
,,,0.9925188422203064,,,,0.039688657969236374,,547
,,,0.9984043836593628,,,,0.004374395590275526,,548
,,,0.9978289008140564,,,,0.005704306066036224,,549
,,,0.9957150816917419,,,,0.016947392374277115,,550
,,,0.1248430535197258,,,,0.0034176986664533615,,551
,,0.9740854501724243,,,,0.021619634702801704,,91,4231
0.9938896298408508,,,,0.005442632827907801,,,,91,4231
,,,0.9913815855979919,,,,0.046595025807619095,,552
,,,0.992399275302887,,,,0.041352126747369766,,553
,,,0.9984828233718872,,,,0.004183115437626839,,554
,,,0.9980817437171936,,,,0.0052192904986441135,,555
,,,0.9958072304725647,,,,0.016358235850930214,,556
,,,0.12488166987895966,,,,0.0026335278525948524,,557
,,0.974002480506897,,,,0.02225111797451973,,92,4277
0.9938741326332092,,,,0.005489842034876347,,,,92,4277
,0.9977778196334839,,,,0.006080402061343193,,,93,4299
,,,0.9915596842765808,,,,0.043528228998184204,,558
,,,0.9928538799285889,,,,0.036704372614622116,,559
,,,0.9983782172203064,,,,0.004361986648291349,,560
,,,0.9979609251022339,,,,0.0054458328522741795,,561
,,,0.9953924417495728,,,,0.018924057483673096,,562
,,,0.12488041818141937,,,,0.0028345752507448196,,563
,,0.9740010499954224,,,,0.021330498158931732,,93,4323
0.9939466714859009,,,,0.005281963851302862,,,,93,4323
,,,0.9927554726600647,,,,0.04383186250925064,,564
,,,0.9924054741859436,,,,0.04219726473093033,,565
,,,0.9985189437866211,,,,0.004061577841639519,,566
,,,0.998197615146637,,,,0.00496278190985322,,567
,,,0.9954522848129272,,,,0.018193669617176056,,568
,,,0.12487917393445969,,,,0.002963358536362648,,569
,,0.9742320775985718,,,,0.022169282659888268,,94,4369
0.9939942359924316,,,,0.005187510047107935,,,,94,4369
,0.9978774785995483,,,,0.00545727601274848,,,95,4399
,,,0.9924191832542419,,,,0.04437190666794777,,570
,,,0.9928240180015564,,,,0.03848578780889511,,571
,,,0.9984031319618225,,,,0.004284397698938847,,572
,,,0.9980282187461853,,,,0.005301430821418762,,573
,,,0.9955930113792419,,,,0.0180915929377079,,574
,,,0.12489163130521774,,,,0.0027653477154672146,,575
,,0.9742203950881958,,,,0.021635275334119797,,95,4415
0.9939278960227966,,,,0.005318373907357454,,,,95,4415
,,,0.9927343130111694,,,,0.04210537299513817,,576
,,,0.9924627542495728,,,,0.044369783252477646,,577
,,,0.9983296394348145,,,,0.004587461240589619,,578
,,,0.9980929493904114,,,,0.005223246291279793,,579
,,,0.995576798915863,,,,0.01774715818464756,,580
,,,0.12488789111375809,,,,0.002650342881679535,,581
,,0.9742063283920288,,,,0.02231498807668686,,96,4461
0.9939140677452087,,,,0.005309778265655041,,,,96,4461
,0.9984492063522339,,,,0.004120270721614361,,,97,4499
,,,0.9927741885185242,,,,0.04482662305235863,,582
,,,0.9930369853973389,,,,0.039392709732055664,,583
,,,0.9984093308448792,,,,0.004170168191194534,,584
,,,0.9981054067611694,,,,0.0051726084202528,,585
,,,0.9958832263946533,,,,0.016186382621526718,,586
,,,0.12488415837287903,,,,0.002654260490089655,,587
,,0.9744039177894592,,,,0.021479079499840736,,97,4507
0.9940377473831177,,,,0.0050378041341900826,,,,97,4507
,,,0.9916132688522339,,,,0.049740348011255264,,588
,,,0.9923357367515564,,,,0.04171204939484596,,589
,,,0.9979596734046936,,,,0.00526560191065073,,590
,,,0.9973717331886292,,,,0.0067101349122822285,,591
,,,0.9948605895042419,,,,0.01989400014281273,,592
,,,0.12484554201364517,,,,0.003443195717409253,,593
,,0.9736090898513794,,,,0.024146834388375282,,98,4553
0.9939059615135193,,,,0.005319841206073761,,,,98,4553
,0.7349678874015808,,,,0.06069926545023918,,,99,4599
,,,0.9285452961921692,,,,2.249791383743286,,594
,,,0.9330344796180725,,,,0.4410141706466675,,595
,,,0.8880403637886047,,,,2.8205840587615967,,596
,,,0.9419779777526855,,,,0.7364189624786377,,597
,,,0.9143165946006775,,,,1.2079607248306274,,598
,,,0.11731205880641937,,,,2.0270655155181885,,599
,,0.9015763401985168,,,,1.5042247772216797,,99,4599
0.9878467321395874,,,,0.022443849593400955,,,,99,4599
